547, Travel , Abroad                                                      ,Travel,
331, Tourism & Travel , Accommodation Guides                              ,Travel,
548, Travel , Accommodation Guides                                        ,Travel,
105, Finance , Accountancy                                                ,,
268, Science , Acoustics                                                  , Science ,
322, The Arts , Acting                                                    ,The Arts,
787, Medicine , Addiction                                                 , Medicine ,
166, Manufacturing , Adhesives                                            , Manufacturing ,
788, Medicine , Administration                                            , Medicine ,
835, Education , Adult, Education ,
198, Marketing , Advertising                                              , Marketing ,
167, Manufacturing , Aerospace                  , Manufacturing ,Engineering
620, Asia , Afghanistan                                                   ,,
765, Africa , Africa,,
332, Tourism & Travel , Africa                                            ,Travel,
549, Travel , Africa                                                      ,Travel,
828, Culture , African                                                    ,,,
798, Science , Agronomy                                                   , Science ,,
341, Transport & Freight , Air                                            ,Transport,Freight,
57, Defence & Intelligence , Air Defence,,,
342, Transport & Freight , Airports                                       ,Transport,Freight,
666, Europe , Albania                                                     ,,,
563, Africa , Algeria                                                     ,,,
715, Oceania , American Samoa                                             ,,,
437, Home Computing , Amiga Platform                                      ,Computing,,
161," Leisure, Entertainment & Gambling ", Amusements                       ,Industry,Gambling,
667, Europe , Andorra                                                     ,,,
789, Medicine , Anesthesiology                                            , Medicine ,,
564, Africa , Angola                                                      ,,,
168, Manufacturing , Animals, Manufacturing ,Feedstuffs,Milling
618, Antarctica , Antarctica                                              ,,,
295, Social Science , Anthropology                                        ,,,
801, The Arts , Antiques                                                  ,The Arts
414, Hobbies , Antiques                                                   ,
360, Culture , Arabic                                                     ,
98, Farming , Arable  Farming                                                 ,
800, Social Science , Archaeology                                         ,
498, Sport , Archery                                                      , Sport
38, Construction , Architecture                                          ,
741, The Americas , Argentina                                             ,
668, Europe , Armenia                                                     ,
770, Culture , Armenian                                                  ,
323, The Arts , Art                                                       ,The Arts
361, Culture , Art                                                        ,The Arts
790, Medicine , Arthritis                                                 , Medicine
386, Culture , The Arts, Television
766, Asia , Asia,
333, Tourism & Travel , Asia                                              ,Travel
550, Travel , Asia                                                        ,Travel,,,
393, Culture , Asian                                                      ,,,,
415, Hobbies , Astrology                                                  ,,,,
269, Science , Astronomy                                                  , Science ,,,
499, Sport , Athletics                                                    , Sport ,,,
5, Audio Visual Equipment , Audio,Visual ,Equipment,,
7, Audio Visual Equipment , Audio,Radio, Television,Visual ,Equipment
434, Home Audio Visual Equipment , Audio,Visual ,,,
106, Finance , Auditing                                                   ,,,,
716, Oceania , Australia                                                  ,,,,
394, Culture , Australian                                                 ,,,,
669, Europe , Austria                                                     ,,,,
169, Manufacturing , Automation                        , Manufacturing ,Control Systems,,
670, Europe , Azerbaijan                                                  ,,,,
500, Sport , Badminton                                                    , Sport ,,,
621, Asia , Bahrain                                                       ,,,,
795, Outdoor Pursuits , Ballooning                                        ,,
622, Asia , Bangladesh                                                    ,,
827, Culture , Bangladeshi                                                ,,
483, Personal Finance , Bank Accounts,Credit Cards                      ,Personal Finance
107, Finance , Banking                                                    ,,
501, Sport , Basketball                                                   , Sport ,
99, Farming , Bee-Keeping    ,,
671, Europe , Belarus                                                     ,,
672, Europe , Belgium                                                     ,,
742, The Americas , Belize                                                ,,
416, Hobbies , Bell Ringing                                               ,,
833, Culture , Bengali                                                    ,,
565, Africa , Benin                                                       ,,
623, Asia , Bhutan                                                        ,,
270, Science , Biochemistry                                               , Science ,
271, Science , Biology                                                    , Science ,
272, Science , Biophysics                                                 , Science ,
273, Science , Biotechnology                                              , Science ,
456, Nature & Conservation , Birds                                        ,Nature,Conservation
878, Pets , Birds                                                         , Pets ,
369, Culture , Blues Music,,
417, Hobbies , Board Games                                                ,,
502, Sport , Body boarding                                                , Sport ,
503, Sport , Bodybuilding                                                 , Sport ,
743, The Americas , Bolivia                                               ,,
419, Hobbies , Book Collecting,Magazine Collecting,
847, Retailing & Wholesaling , Books                                      ,Retailing,
673, Europe , Bosnia-Herzegovina        ,                                  ,
274, Science , Botany                                                     , Science ,
566, Africa , Botswana                                                    ,,
230," Printing, Packaging & Bottling ", Bottling, Packaging                ,
504, Sport , Bowling                                                      , Sport ,
505, Sport , Bowls                                                        , Sport ,,
506, Sport , Boxing                                                       , Sport ,,
370, Culture , Brass Band Music,,,
744, The Americas , Brazil                                                ,,,
854, Culture , Brazilian                                                  ,,,
624, Asia , British Indian Ocean Territory                                ,,,
625, Asia , Brunei                                                        ,,,
866, Manufacturing , Brushes                                              , Manufacturing ,,
39, Construction , Building, Construction ,Supplies                            ,
852, Construction , Building , Construction ,Conservation   , Refurbishment
108, Finance , Building Societies                                         ,,,
674, Europe , Bulgaria                                                    ,,,
567, Africa , Burkina Faso                                                ,,,
568, Africa , Burundi                                                     ,,,
21, Business Management , Business,Small Medium Businesses,SME's,
863, Law , Business, Law ,Companies,
13, Business Management , Business ,Management,,,
9, Business Management , Business                         ,Services,,,
857, Finance , Business Finance                                           ,,,,
334, Tourism & Travel , Business Travel                                   ,Travel,,,
880, Property , Buying                                 ,Selling         ,Property,,
3, Audio Visual Equipment , Cable                           ,Satellite   , Audio,Visual ,Equipment
626, Asia , Cambodia                                                      ,,,,
433, Home Audio Visual Equipment , Camcorders                             ,,,,
569, Africa , Cameroon                                                    ,,,,
848, Tourism & Travel , Camping,Travel,Caravanning                             ,,
343, Transport & Freight , Camping,Caravanning                          ,Travel,,
551, Travel , Camping,Travel,Caravanning                             ,,
745, The Americas , Canada                                                ,,,,
213, Medicine , Cancer Care                                               , Medicine ,,,
507, Sport , Canoeing                                                     , Sport ,,,
570, Africa , Cape Verde                                                  ,,,,
241, Retailing & Wholesaling , Cars,Retailing,Motorbikes,
418, Hobbies , Card Games                                                 ,,,
821, Crafts , Card Making                                                 ,,,
873, Medicine , Cardiology                                                , Medicine ,,
23," Careers, Work and Training ", Careers,Work,Training,
395, Culture , Caribbean                                                  ,,,
170, Manufacturing , Cars, Manufacturing ,Motorbikes,Trucks
135, Hospitality , Catering                                               , Hospitality ,,
486, Pets , Cats                                                          , Pets ,,
466, Outdoor Pursuits , Caving                                            ,,,
771, Culture , Celebrities                                      ,Gossip,,
772, Culture , Celtic                                                     ,,,
571, Africa , Central African Republic                                    ,,,
171, Manufacturing , Ceramics                                             , Manufacturing ,,
572, Africa , Chad                                                        ,,,
10, Business Management , Chamber of Commerce,,,
25, Charities & Voluntary Organisations , Charities, Voluntary Organisations ,
172, Manufacturing , Chemicals                                            , Manufacturing ,
275, Science , Chemistry                                                  , Science ,
746, The Americas , Chile                                                 ,,
627, Asia , China                                                         ,,
396, Culture , Chinese                                                    ,,
493, Religion , Christian                                                 , Religion ,
371, Culture , Church Music,,
420, Hobbies , Cigarette Card Collectiing,Postcard Collecting,
40, Construction , Civil Engineering                                     , Construction ,
126, Government & State , Civil Service                                   ,Government,
372, Culture , Classical Music,,
234, Property , Cleaning, Property,
242, Retailing & Wholesaling , Clothing,Retailing,Footwear
162," Leisure, Entertainment & Gambling ", Clubs   ,Management,
335, Tourism & Travel , Coach Operators                                   ,Travel,
91, Energy , Coal                                                        , Energy ,,
421, Hobbies , Coin Collecting,,,
783, Hobbies , Collecting ,,,
389, Education , Colleges                                                 , Education ,,
747, The Americas , Columbia                                              ,,,
824, Culture , Comedy                                                     ,,,
812, Childrens Interests , Comics,,,
813, Childrens Interests , Comics,,,
355, Comics , Comics ,,,
879, Property , Commercial,Selling         , Buying                                 ,Property
109, Finance , Commodities                                                ,,,
573, Africa , Comoros                                                     ,,,
11, Business Management , Company,Cars,Fleet,Management
144, Law , Competition                                                    , Law ,,
62, Design , Computer Aided Design (CAD)                                 ,,,
243, Retailing & Wholesaling , Computers                                  ,Retailing,,
174, Manufacturing , Computers                                            , Manufacturing ,,
769, Computing , Computing , Computing ,,
28, Computing , Computing , Computing ,,
68, Education , Computing                                                , Education ,,
175, Manufacturing , Confectionery                                        , Manufacturing ,,
574, Africa , Congo                                                       ,,,
575, Africa , Congo DRC                                                   ,,,
45, Construction , Construction ,,,
717, Oceania , Cook Islands                                               ,,,
145, Law , Copyright                                                      , Law ,,
841, Medicine , Cosmetic treatments                                       , Medicine ,,
402, Fashion & Beauty , Cosmetics,Fashion,Beauty,Hair
865, Manufacturing , Cosmetics, Manufacturing ,Perfume,Toiletries
244, Retailing & Wholesaling , Cosmetics     ,Retailing,Perfume,
748, The Americas , Costa Rica                                            ,,,
576, Africa , Cote d'Ivorie                                               ,,,
373, Culture , Country Music,,,,
55, Crafts , Crafts ,,,,
858, Finance , Credit Control                                             ,,,,
508, Sport , Cricket                                                      , Sport ,,,
146, Law , Criminology                                                    , Law ,,,
675, Europe , Croatia                                                     ,,,,
509, Sport , Croquet                                                      , Sport ,,,
888, Hobbies , Crosswords,Puzzles,Competitions,,
365, Culture , Culture ,,,,
510, Sport , Curling                                                      , Sport ,,,
459, News , Current Events                                                ,,,,
199, Marketing , Customer , Marketing ,Relationship ,Management                         ,CRM
837, Government & State , Customs                          ,Government,Excise                             ,,
889, Science , Cybernetics                                                , Science ,,,
845, Retailing & Wholesaling , Cycles,Retailing,,,
867, Manufacturing , Cycles                                             , Manufacturing ,,,
467, Outdoor Pursuits , Cycling                                           ,
511, Sport , Cycling                                                      , Sport
676, Europe , Cyprus                                                      ,
677, Europe , Czech Republic                                              ,
512, Sport , Darts                                                        , Sport
317, Telecommunications Technology , Data Communications                  ,Telecommunications
27, Computing , Databases                                                , Computing
451, Lifestyle , Dating                                                   ,
874, Medicine , Deafness                                                  , Medicine
41, Construction , Decorating                                            ,
58, Defence & Intelligence , Defence,Intelligence
42, Construction , Demolition                                            ,
678, Europe , Denmark                                                     ,
214, Medicine , Dentistry                                                 , Medicine
63, Design , Design ,
810, Medicine , Diabetes                                                  , Medicine
127, Government & State , Diplomacy,State
409, Health , Disability                              ,
513, Sport , Diving                                                       , Sport
445, Home Interests , DIY                                                 ,Home
577, Africa , Djibouti                                                    ,
487, Pets , Dogs                                                          , Pets
473, Outdoor Pursuits , Driving, Cars
245, Retailing & Wholesaling , Duty Free             ,Retailing
374, Culture , Early Music,
628, Asia , East Timor                                                    ,
822, Culture , Easy Listening Music,
276, Science , Ecology                                                    , Science
296, Social Science , Economics                                           ,
749, The Americas , Ecuador                                               ,
72, Education , Education ,
88, Education , Education , Sport
147, Law , Education                                                      , Law ,
578, Africa , Egypt                                                       ,,
750, The Americas , El Salvador                                           ,,
43, Construction , Electrical,Installation,
176, Manufacturing , Electrical                               , Manufacturing ,Engineering
246, Retailing & Wholesaling , Electrical Components                      ,Retailing,
426, Hobbies , Electronics,Radio,
177, Manufacturing , Electronics                                          , Manufacturing ,
128, Government & State , Emergency Services                              ,,
851, Construction , Energy, Construction ,Efficiency
92, Energy , Energy ,,
178, Manufacturing , Engineering, Manufacturing ,
778, Europe , England                                                     ,,
363, Culture , Entertainment Guides,Leisure Guides,
849, Business Management , Environment,Recycling,Business
777, Environment & Public Health , Environment,Public Health ,
148, Law , Environment                                                    , Law ,,
579, Africa , Equatorial Guinea                                           ,,,
307, Sport , Equestrian                                                   , Sport ,,
69, Education , Equipment, Education ,,
580, Africa , Eritrea                                                     ,,,
679, Europe , Estonia                                                     ,,,
581, Africa , Ethiopia                                                    ,,,
779, Europe , Europe,,,
336, Tourism & Travel , Europe                                            ,Travel,,
552, Travel , Europe                                                      ,Travel,,
200, Marketing , Exhibitions, Marketing ,Events,Conferences
308, Sport , Facilities                              , Sport ,Management,
179, Manufacturing , Factories                                            , Manufacturing ,,
101, Farming , Farming,,,
103, Farming , Farming Machinery                                      ,,,
401, Fashion & Beauty , Fashion,Beauty,,
514, Sport , Fencing                                                      , Sport ,,,
718, Oceania , Fiji                                                       ,,,,
826, Culture , Filipino                                                   ,,,,
4, Audio Visual Equipment , Film                          ,Video        , Audio,Visual ,Equipment
324, The Arts , Film                                                      ,The Arts,,,
868, Media , Film                                                         , Media ,,,
364, Culture , Films,DVD's,The Arts,,
112, Finance , Finance ,,,,
149, Law , Financial Law                                                    ,,,,
110, Finance , Financial Advice                                           ,,,,
111, Finance , Financial Markets                                          ,,,,
180, Manufacturing , Finishing                                            , Manufacturing ,,,
680, Europe , Finland                                                     ,,,,
488, Pets , Fish                                                          , Pets ,,,
119, Fishing , Fish Farming,,,,
120, Fishing , Fishing,,,,
465, Outdoor Pursuits , Fishing,,
410, Health , Fitness                                                     , Health ,
44, Construction , Fixtures, Construction ,Fittings
122, Floristry , Floristry,,
247, Retailing & Wholesaling , Flowers                                    ,Retailing,
468, Outdoor Pursuits , Flying                                            ,,
553, Travel , Flying                                                      ,Travel,
375, Culture , Folk Music,,
404, Food & Drink , Food,Cooking,
405, Food & Drink , Food,Drink,
181, Manufacturing , Food, Manufacturing ,Drink
248, Retailing & Wholesaling , Food,Retailing,Drink
515, Sport , Football                                                     , Sport ,
173, Manufacturing , Footwear, Manufacturing , Clothing
277, Science , Forensic , Science ,
124, Forestry , Forestry ,,
681, Europe , France                                                      ,,
12, Business Management , Franchising                                    ,,
346, Transport & Freight , Freight,Transport, Road
751, The Americas , French Guiana                                         ,,
719, Oceania , French Polynesia                                           ,,
100, Farming , Fruit Farming,,
768, Charities & Voluntary Organisations , Fundraising                    , Charities,
71, Education , Further Education, Education ,
582, Africa , Gabon                                                       ,,
773, Culture , Gaelic                                                     ,,
583, Africa , Gambia                                                      ,,
825, Culture , Gambling                                                   ,,
785, Home Audio Visual Equipment , Games,Consoles,
438, Home Computing , Games                            ,Computing,Gaming
249, Retailing & Wholesaling , Garage Forecourt                           ,Retailing,
250, Retailing & Wholesaling , Gardening                                  ,Retailing,
446, Home Interests , Gardening                                           ,Home,
449, Gay                                                                  , Gay                                                                  ,,
216, Medicine , Genetics                                                  , Medicine ,
279, Science , Genetics                                                   , Science ,
297, Social Science , Geography                                           ,,
73, Education , Geography                                                , Education ,
280, Science , Geology                                                    , Science ,
682, Europe , Georgia                                                     ,,
791, Medicine , Geriatric                                                 , Medicine ,
683, Europe , Germany                                                     ,,
584, Africa , Ghana                                                       ,,
183, Manufacturing , Glass                                                , Manufacturing ,
46, Construction , Glazing, Construction ,Windows
310, Sport , Golf                                                         , Sport ,
860, Government & State , Government,State,
64, Design , Graphic Design                                              ,,
684, Europe , Greece                                                      ,,
397, Culture , Greek                                                      ,,
752, The Americas , Greenland                                             ,,
516, Sport , Greyhound Racing                                             , Sport ,
720, Oceania , Guam                                                       ,,
753, The Americas , Guatemala                                             ,,
585, Africa , Guinea                                                      ,,
586, Africa , Guinea-Bissau      ,                                         ,
477, Outdoor Pursuits , Guns    , Shooting,Hunting
754, The Americas , Guyana                                                ,,
517, Sport , Gymnastics                                                   , Sport ,
843, Medicine , Gynaecology                                               , Medicine ,
470, Outdoor Pursuits , Hang Gliding                                      ,,
29, Computing , Hardware                                                 , Computing ,
252, Retailing & Wholesaling , Hardware Supplies                      ,Retailing,Decorating
411, Health , Health ,,
217, Medicine , Healthcare                                                , Medicine ,,
47, Construction , Heating, Construction ,Ventilation,Air Conditioning
366, Culture , Heritage, History                                             ,,
435, Home Audio Visual Equipment , Hi-Fi,,,
74, Education , Higher, Education ,,
844, Religion , Hinduism                                                  , Religion ,,
298, Social Science , History                                             ,,,
518, Sport , Hockey                                                       , Sport ,,
439, Home Computing , Home,Computing,,
447, Home Interests , Home,,,
184, Manufacturing , Home Decor                                           , Manufacturing ,,
75, Education , Home Economics                                           , Education ,,
755, The Americas , Honduras                                              ,,,
519, Sport , Horse Racing                                                 , Sport ,,
796, Outdoor Pursuits , Horses                                     ,Riding           ,,
133, Horticulture , Horticulture ,,,
136, Hospitality , Hospitality ,,,
218, Medicine , Hospitals                                                 , Medicine ,,
137, Hospitality , Hotels                                                 , Hospitality ,,
48, Construction , Housing                                               , Construction ,,
151, Law , Human Rights                                                   , Law ,,
685, Europe , Hungary                                                     ,,,
520, Sport , Hunting                                                      , Sport ,,
93, Energy , Hydro                                                       , Energy ,,
890, Science , Hygiene             , Science ,Sterilisation,Infection
30, Computing , IBM Platform                                             , Computing ,,
521, Sport , Ice Hockey                                                   , Sport ,,
522, Sport , Ice Skating                                                  , Sport ,,
686, Europe , Iceland                                                     ,,,
31, Computing , Imaging                                                  , Computing ,,
152, Law , Immigration                                                    , Law ,,
219, Medicine , Immunology                                                , Medicine ,,
142, International Trade , Imports,Exports,Trade
807, Travel , Independent                                ,Travel,Adventure
629, Asia , India                                                         ,,
630, Asia , Indonesia                                                     ,,
153, Law , Industrial                                                     , Law ,
862, Information Management , Information ,Management,
139, Information Management , Information ,Management,
115, Finance , Information Technology,Back Office,
113, Finance , Insurance                                                  ,,
220, Medicine , Intensive Care                                            , Medicine ,
65, Design , Interior Design                                             ,,
460, News , International News,,
820, Computing , Internet                                                 , Computing ,
114, Finance , Investment                                                 ,,
631, Asia , Iran                                                          ,,
632, Asia , Iraq                                                          ,,
855, Culture , Irish                                                      ,,,
494, Religion , Islam                                                     , Religion ,,
633, Asia , Israel                                                        ,,,
830, Culture , Italian                                                    ,,,
688, Europe , Italy                                                       ,,,
634, Asia , Japan                                                         ,,,
398, Culture , Japanese                                                   ,,,
378, Culture , Jazz Music,,,
471, Outdoor Pursuits , Jet Skiing                                        ,,,
836, Fashion & Beauty , Jewellery,Fashion,Beauty,Watches
253, Retailing & Wholesaling , Jewellery        ,Retailing,Gifts,
399, Culture , Jewish                                                     ,,,
635, Asia , Jordan                                                        ,,,
209, Media , Journalism                                                   , Media ,,
495, Religion , Judaism                                                   , Religion ,,
154, Law , Judiciary                                                      , Law ,,
636, Asia , Kazakhstan                                                    ,,,
587, Africa , Kenya                                                       ,,,
721, Oceania , Kiribati                                                   ,,,
809, Home Interests , Kitchens,Bedrooms,Bathrooms,Home
882, Manufacturing , Kitchens, Manufacturing ,Bathrooms,Bedrooms
816, Retailing & Wholesaling , Kitchens,Retailing,Bedrooms,Bathrooms
887, Sport , Kitesurfing                                                  , Sport ,,
356, Crafts , Knitting                                                    ,,,
254, Retailing & Wholesaling , Knitwear                                   ,Retailing,,
186, Manufacturing , Knitwear                                             , Manufacturing ,,
637, Asia , Kuwait                                                        ,,,
638, Asia , Kyrgyzstan                                                    ,,,
281, Science , Laboratories                                               , Science ,,
523, Sport , Lacrosse                                                     , Sport ,,
59, Defence & Intelligence , Land Defence,,,
66, Design , Landscape Design                                            ,,,
76, Education , Languages                                                , Education ,
639, Asia , Laos                                                          ,,
689, Europe , Latvia                                                      ,,
255, Retailing & Wholesaling , Laundry                                    ,Retailing,
150, Law , Law ,,
159, Law , Law , Property                                          ,
187, Manufacturing , Leather                                              , Manufacturing ,
640, Asia , Lebanon                                                       ,,
164," Leisure, Entertainment & Gambling ", Leisure, Marketing ,Facilities
163," Leisure, Entertainment & Gambling ", Leisure,Entertainment,Gambling
588, Africa , Lesotho                                                     ,,
589, Africa , Liberia                                                     ,,
140, Information Management , Libraries                                   ,,
590, Africa , Libya                                                       ,,
690, Europe , Liechtenstein                                               ,,
452, Lifestyle , Lifestyle ,,
300, Social Sciences , Linguistics                                        ,,
368, Culture , Literature ,Crime                                    ,
325, The Arts , Literature                                                ,The Arts,
367, Culture , Literature                                                 ,,
691, Europe , Lithuania                                                   ,,
102, Farming , Livestock Farming,,
461, News , Local  News                                      ,,
129, Government & State , Local Government,,
884, Security , Locks                           , Security ,Alarms
313, Supply Chain Management , Logistics                                  ,Suppy Chain,
692, Europe , Luxembourg                                                  ,,
693, Europe , Macedonia                                                   ,,
440, Home Computing , Macintosh Platform                                  ,Computing,Gaming
32, Computing , Macintosh Platform                                       , Computing ,
591, Africa , Madagascar                                                  ,,
592, Africa , Malawi                                                      ,,
641, Asia , Malaysia                                                      ,
642, Asia , Maldives                                                      ,
593, Africa , Mali                                                        ,
694, Europe , Malta                                                       ,
14, Business Management , Management Development,
235, Property , Management                          , Property
77, Education , Management                                               , Education
182, Manufacturing , Manufacturing ,
422, Hobbies , Map Collecting,
846, Retailing & Wholesaling , Marine                                     ,Retailing
202, Marketing , Market Research                                          , Marketing
201, Marketing , Marketing ,
256, Retailing & Wholesaling , Markets                                    ,Retailing
722, Oceania , Marshal Islands                                            ,
524, Sport , Martial Arts                                                 , Sport
314, Supply Chain Management , Material Handling                          ,Suppy Chain
282, Science , Mathematics                                                , Science ,
594, Africa , Mauritania                                                  ,,
831, Culture , Mauritian                                                 ,,
595, Africa , Mauritius                                                   ,,
208, Media , Media ,,
211, Media , Media , Television                                                ,Radio
155, Law , Media                                                          , Law ,
885, Health , Medicine , Complimentary,Therapy
215, Medicine , Medicine ,,
156, Law , Medicine                                                       , Law ,
15, Business Management , Mergers,Acquisitions                         ,
188, Manufacturing , Metals, Manufacturing ,Metalworkng
283, Science , Meteorological                                             , Science ,
756, The Americas , Mexico                                                ,,
723, Oceania , Micronesia                                                 ,,
767, Asia , Middle East                                                   ,,
225, Mining & Quarrying , Mining ,Quarrying ,
454, Mobile Communications , Mobile, Communications ,
427, Hobbies , Model Making                                               ,,
695, Europe , Moldova                                                     ,,
696, Europe , Monaco                                                      ,,
643, Asia , Mongolia                                                      ,,
697, Europe , Montenegro                                                  ,,
596, Africa , Morocco                                                     ,,
525, Sport , Motor Racing                                                 , Sport ,
472, Outdoor Pursuits , Motorbikes                         ,,
474, Outdoor Pursuits , Mountaineering                                    ,,
597, Africa , Mozambique                                                  ,,
803, The Arts , Museums                                  ,The Arts,Gallerys
376, Culture , Music ,,
78, Education , Music                                                    , Education ,
326, The Arts , Music                                                     ,The Arts,
377, Culture , Musical Instruments,,
644, Asia , Myanmar                                                       ,,
598, Africa , Namibia                                                     ,,
462, News , National  News                 ,,
457, Nature & Conservation , Nature,,Conservation
475, Outdoor Pursuits , Naturism                                          ,,
724, Oceania , Nauru                                                      ,,
645, Asia , Nepal                                                         ,,
526, Sport , Netball                                                      , Sport ,
698, Europe , Netherlands                                                 ,,
33, Computing , Networking                                               , Computing ,
876, Medicine , Neurology                                                 , Medicine ,
284, Science , Neurology                                                  , Science ,
725, Oceania , New Caledonia                                              ,,
726, Oceania , New Zealand                                                ,,
257, Retailing & Wholesaling , Newsagents                                 ,Retailing,
757, The Americas , Nicaragua                                             ,
599, Africa , Niger                                                       ,
600, Africa , Nigeria                                                     ,
727, Oceania , Niue                                                       ,
728, Oceania , Norfolk Island                                             ,
646, Asia , North Korea                                                   ,
780, Europe , Northern Ireland                                            ,
729, Oceania , Northern Marianas                                          ,
699, Europe , Norway                                                      ,
79, Education , Nursery, Education
221, Medicine , Nursing                                                   , Medicine
872, Medicine , Nutrition                                                 , Medicine
842, Medicine , Obstetrics                                                , Medicine
338, Tourism & Travel , Oceania                                           ,Travel
555, Travel , Oceania                                                     ,Travel
285, Science , Oenology                                                   , Science
16, Business Management , Office,Supplies,,
94, Energy , Oil, Energy ,Gas,Extraction
664, Asia , Oman                                                           ,,,
387, Culture , Opera, Theatre                                                    ,The Arts,
34, Computing , Operating Systems                                        , Computing ,,
222, Medicine , Ophthalmic                                                , Medicine ,,
476, Outdoor Pursuits , Orienteering      ,Rambling,Walking            ,
469, Outdoor Pursuits , Outdoor Pursuits ,,,
492, Property , Overseas, Property ,,
189, Manufacturing , Packaging, Manufacturing ,Converting,
229," Printing, Packaging & Bottling ", Packaging                ,Bottling, Printing                            ,
647, Asia , Pakistan                                                      ,,,
730, Oceania , Palau                                                      ,,,
758, The Americas , Panama                                                ,,,
190, Manufacturing , Paper, Manufacturing ,Ink,
731, Oceania , Papua New Guinea                                           ,,,
759, The Americas , Paraguay                                              ,,
481, Parenthood & Childcare  , Parenthood,Childcare  ,
158, Law , Patents                                                        , Law ,
792, Medicine , Pathology                                                 , Medicine ,
441, Home Computing , PC Platform                                         ,Computing,Gaming
116, Finance , Pensions                                                   ,,
484, Personal Finance , Personal Finance,,
17, Business Management , Personnel,Management,
760, The Americas , Peru                                                  ,,
227, Pets , Pets ,,
258, Retailing & Wholesaling , Pets                                       ,Retailing,
191, Manufacturing , Pharmaceuticals                                      , Manufacturing ,
799, Science , Pharmaceuticals                                            , Science ,
259, Retailing & Wholesaling , Pharmacies                                 ,Retailing,
871, Medicine , Pharmacology                                              , Medicine ,
648, Asia , Philippines                                                   ,,
299, Social Science , Philosophy                                          ,,
327, The Arts , Photography                                               ,The Arts,
381, Culture , Photography                                                ,The Arts,
428, Hobbies , Photography                                                ,,
286, Science , Physics                                                    , Science ,
287, Science , Physiology                                                 , Science ,
527, Sport , Pigeon Racing                                                , Sport ,
732, Oceania , Pitcairn Islands                                           ,,
49, Construction , Plant, Construction ,Equipment
883, Nature & Conservation , Plants                                       ,Nature,Conservation
192, Manufacturing , Plastics, Manufacturing ,Rubber
870, Medicine , Podiatry                                                  , Medicine ,
700, Europe , Poland                                                      ,,
70, Education , Policy, Education ,
829, Culture , Polish                                                     ,,
301, Social Sciences , Politics                                           ,,
818, Culture , Politics                                                   ,,,
528, Sport , Polo                                                         , Sport ,,
388, Culture , Popular, Science ,,
490, Pornography , Pornography ,,,
345, Transport & Freight , Ports,Transport,Freight,Terminals
701, Europe , Portugal                                                    ,,,
95, Energy , Power, Energy ,Distribution,
80, Education , Primary, Education ,,
231," Printing, Packaging & Bottling ", Printing                            ,,,
81, Education , Private, Education ,,
203, Marketing , Promotions, Marketing ,Incentives,
491, Property , Property ,,,
793, Medicine , Psychiatry                                                , Medicine ,,
302, Social Sciences , Psychology                                         ,,,
82, Education , Psychology                                               , Education ,,
288, Science , Psychology                                                 , Science ,,
237, Public Safety & Disaster Management , Public,Safety,Disaster,Management
204, Marketing , Public Relations, Marketing ,Investor Relations,
210, Media , Publishing                                                   , Media ,,
834, Culture , Punjabi                                                    ,,,
18, Business Management , Purchasing                                     ,Business,,
649, Asia , Qatar                                                         ,,,
19, Business Management , Quality                          ,Assurance,Q&A,
804, The Arts , Radio                                                     ,The Arts,,
382, Culture , Radio                                                      ,The Arts,,
838, Hobbies , Radio Controlled Models                                    ,,,
805, Transport & Freight , Rail                                           ,Transport,Freight,
556, Travel , Railways                                                    ,Travel,,
83, Education , Reading                                                  , Education ,,
423, Hobbies , Record Collecting,,CD's,
352, Water & Waste Management , Recycling,Waste,Management,
463, News , Regional  News                              ,,,
239, Religion , Religion ,,
84, Education , Religion                                                 , Education ,
850, Business Management , Relocation                                     ,Business,
96, Energy , Renewable, Energy ,
687, Europe , Republic of Ireland                                         ,,
875, Medicine , Respiratory conditions                                    , Medicine ,
251, Retailing & Wholesaling , Retailing,,
262, Retailing & Wholesaling , Retailing, Sport                               ,
497, Retirement , Retirement ,,
794, Medicine , Rheumatology                                              , Medicine ,
557, Travel , Road                                                        ,Travel,
379, Culture , Rock Music,,Pop
702, Europe , Romania                                                     ,,
50, Construction , Roofing                                               , Construction ,
529, Sport , Rowing                                                       , Sport ,
383, Culture , Royalty                                                    ,,
530, Sport , Rugby                                                        , Sport ,
531, Sport , Running                                                      , Sport ,
650, Asia , Russian Federation                                            ,,
601, Africa , Rwanda                                                      ,,
853, Construction , Safety   , Construction , Health
532, Sport , Sailing                                                      , Sport ,
205, Marketing , Sales                                                    , Marketing ,
733, Oceania , Samoa                                                      ,,
703, Europe , San Marino                                                  ,,
602, Africa , Sao Tome & Principe                                         ,,
384, Culture , Satire,Adult,Humour
651, Asia , Saudi Arabia                                                  ,,
485, Personal Finance , Savings                         , Loans             ,Mortgages
390, Education , Schools                                                  , Education ,
278, Science , Science ,,
429, Hobbies , Science Fiction,Paranornal,Fantasy
85, Education , Sciences                                                 , Education ,
840, Law , Scientific  Law                                     ,,
781, Europe , Scotland                                                    ,,
823, Culture , Scottish                                                   ,,
385, Culture , Sculpture                                                  ,The Arts,
347, Transport & Freight , Sea                                            ,Transport,Freight
60, Defence & Intelligence , Sea Defence,,
86, Education , Secondary, Education ,
20, Business Management , Secretarial                                    ,,
293, Security , Security ,,
442, Home Computing , Sega Platform                                       ,Computing,Gaming
233, Property , Selling         , Buying                                 ,Property
603, Africa , Senegal                                                     ,,
704, Europe , Serbia                                                      ,,
353, Water & Waste Management , Sewage, Water,
357, Crafts , Sewing                                                      ,,
604, Africa , Seychelles                                                  ,,,
193, Manufacturing , Shipping, Manufacturing ,Engineering,Marine
533, Sport , Shooting, Sport ,Hunting                                           ,
260, Retailing & Wholesaling , Shop Fitting                               ,Retailing,,
774, Culture , Shopping ,Consumer ,Advice,
534, Sport , Show Jumping                                                 , Sport ,,
605, Africa , Sierra Leone                                                ,,,
261, Retailing & Wholesaling , Signs                                      ,Retailing,,
797, Religion , Sikh                                                      , Religion ,,
652, Asia , Singapore                                                     ,,,
535, Sport , Skateboarding                                                , Sport ,,
536, Sport , Skiing                                                       , Sport ,,
412, Health , Slimming                                                    , Health ,,
705, Europe , Slovakia                                                    ,,,
706, Europe , Slovenia                                                    ,,,
537, Sport , Snooker                             , Sport ,Billiards              ,
538, Sport , Snowboarding                                                 , Sport ,,,
130, Government & State , Social Housing                                  ,Government,,,
131, Government & State , Social Services                                 ,Government,,,
303, Social Sciences , Social Services                                    ,,,,
304, Social Sciences , Sociology                                          ,,,,
35, Computing , Software                                                 , Computing ,,,
734, Oceania , Solomon Islands                                            ,,,,
606, Africa , Somalia                                                     ,,,,
6, Audio Visual Equipment , Sound                                       ,, Audio,Visual ,Equipment
607, Africa , South Africa                                                ,,,,
653, Asia , South Korea                                                   ,,,,
707, Europe , Spain                                                       ,,,,
817, Culture , Spanish                                                    ,,,,
87, Education , Special Needs, Education ,,,
289, Science , Spectroscopy                                               , Science ,,,
877, Medicine , Speech Therapy                                            , Medicine ,,,
886, Culture , Spirituality                                                ,
206, Marketing , Sponsorship                                              ,
309, Sport , Sport ,
539, Sport , Squash                                                       , Sport
654, Asia , Sri Lanka                                                     ,
424, Hobbies , Stamp Collecting,
430, Hobbies , Steam Engines                 ,Railways
608, Africa , Sudan                                                       ,
312, Supply Chain Management , Suppy Chain,Management
194, Manufacturing , Surface Coatings                                     , Manufacturing
223, Medicine , Surgery                                                   , Medicine
761, The Americas , Suriname                                              ,
51, Construction , Surveying                                             , Construction
609, Africa , Swaziland                                                   ,
708, Europe , Sweden                                                      ,
540, Sport , Swimming                                                     , Sport
709, Europe , Switzerland                                                 ,
655, Asia , Syria                                                         ,
541, Sport , Table Tennis                                                 , Sport
263, Retailing & Wholesaling , Tableware                                  ,Retailing
656, Asia , Taiwan                                                        ,
657, Asia , Tajikistan                                                    ,
610, Africa , Tanzania                                                    ,
117, Finance , Tax                                                        ,
89, Education , Teaching                                                 , Education
318, Telecommunications Technology , Technology ,Telecommunications
319, Telecommunications Technology , Telecommunications, Mobile
320, Telecommunications Technology , Teleconferencing                     ,Telecommunications
328, The Arts , Television                                                ,The Arts
786, Home Audio Visual Equipment , Televisions                            ,
542, Sport , Tennis                                                       , Sport
195, Manufacturing , Textiles                                             , Manufacturing
658, Asia , Thailand                                                      ,,
339, Tourism & Travel , The Americas                                      ,Travel,
558, Travel , The Americas                                                ,Travel,
802, The Arts , The Arts ,The Arts,
443, Home Computing ,Internet                                        ,Computing,
329, The Arts, Theatre                                                    ,The Arts,
856, Fashion & Beauty , Therapy,Fashion,Beauty
196, Manufacturing , Timber, Manufacturing ,Wood
611, Africa , Togo                                                        ,,
735, Oceania , Tokelau                                                    ,,
736, Oceania , Tonga                                                      ,,
52, Construction , Town Planning                                         ,,
290, Science , Toxicology                                                 , Science ,
264, Retailing & Wholesaling , Toys                                       ,Retailing,
425, Hobbies , Toys Collecting,,
157, Law , Trade Marks                                           , Law , Patents
344, Transport & Freight , Transport,Freight
337, Tourism & Travel , Travel,
554, Travel , Travel,
265, Retailing & Wholesaling , Travel                                     ,Retailing
478, Outdoor Pursuits , Treasure                       ,Hunting
881, Sport , Triathlon                                                    , Sport
612, Africa , Tunisia                                                     ,
53, Construction , Tunnelling                                            , Construction
710, Europe , Turkey                                                      ,
832, Culture , Turkish                                                   ,
659, Asia , Turkmenistan                                                  ,
737, Oceania , Tuvalu                                                     ,
815, Design , Typography                                                 ,
613, Africa , Uganda                                                      ,
711, Europe , Ukraine                                                     ,
660, Asia , United Arab Emirates                                          ,
712, Europe , United Kingdom,
559, Travel , United Kingdom,Travel
762, The Americas , United States of America                              ,
391, Education , Universities                                             , Education
380, Culture , Urban Music,
869, Medicine , Urology                                                   , Medicine
763, The Americas , Uruguay                                               ,
661, Asia , Uzbekistan                                                    ,
738, Oceania , Vanuatu                                                    ,
713, Europe , Vatican City                                                ,
406, Food & Drink , Vegetarianism                                         ,
266, Retailing & Wholesaling , Vending                                    ,Retailing
764, The Americas , Venezuela                                             ,
859, Finance , Venture Capital                                            ,
349, Veterinary , Veterinary ,
662, Asia , Vietnam                                                       ,
431, Hobbies , Vintage Vehicles                                ,Classic Vehicles,,
782, Europe , Wales                                                       ,,,
739, Oceania , Wallis and Futuna                                          ,,,
315, Supply Chain Management , Warehousing ,Storage,Suppy Chain,
864, Manufacturing , Watches, Manufacturing ,Jewellery,Gifts
351, Water & Waste Management , Water,Waste,Management,
543, Sport , Waterskiing                                                  , Sport ,,
561, Weddings , Weddings ,,,
814, Culture , Welsh                                                      ,,,
614, Africa , Western Sahara                                              ,,,
36, Computing , Windows Platform                                         , Computing ,,
544, Sport , Windsurfing                                                  , Sport ,,
407, Food & Drink , Wine,Beer,,
861, Hobbies , Woodworking                                                ,,,
358, Crafts , Woodworking                                                 ,,,
305, Social Sciences , World Studies                                      ,,,
545, Sport , Wrestling                                                    , Sport ,
839, Home Computing , X-Box,Computing,Gaming
479, Outdoor Pursuits , Yachting,Boating                                ,
663, Asia , Yemen                                                         ,,
775, Culture , Youth,,
615, Africa , Zambia                                                      ,,
616, Africa , Zimbabwe                                                    ,,
291, Science , Zoology                                                    , Science ,
362, Ballet,Dance                                                    , ,
